snapped_at,price,market_cap,total_volume
7/30/2017,0.042279794,2900848.77,16525.59406
7/31/2017,0.039352916,2700033.42,16889.51459
8/1/2017,0.040123097,2752876.132,23723.20212
8/2/2017,0.040572754,2783727.431,13405.73166
8/3/2017,0.039876467,2735954.701,19997.47362
8/4/2017,0.044081701,3024478.932,19455.90155
8/5/2017,0.064872645,4450961.394,50014.42697
8/6/2017,0.090333271,7245720.91,45785.63065
8/7/2017,0.167594423,13473919.21,248966.6821
8/8/2017,0.164914104,11632421.32,91889.01411
8/9/2017,0.169386001,11947852.1,60588.97095
8/10/2017,0.215326559,15190479.78,106082.5394
8/11/2017,0.459709443,32430774.1,257522.9092
8/12/2017,1.475491895,104090557.3,575353.5602
8/13/2017,0.741170836,52435126.18,186854.7932
8/14/2017,0.726090776,51368267.07,141372.1322
8/15/2017,0.689428563,48777996.73,123861.929
8/16/2017,0.933007529,66025530.85,1284497.464
8/17/2017,0.939069962,66454547.04,1323007.362
8/18/2017,1.15554721,81773850.23,1872193.4
8/19/2017,1.237692864,87586997.74,958383.4387
8/20/2017,1.101314948,77936031.35,804559.2077
8/21/2017,1.115011459,78907234.6,954044.2626
8/22/2017,0.982999675,69565012.41,824120.6998
8/23/2017,0.969645541,68619965.79,670500.9945
8/24/2017,0.973092493,68863900.06,977116.916
8/25/2017,0.920518487,65143337.91,548172.5179
8/26/2017,0.91071796,64449773.3,336080.2583
8/27/2017,0.912811289,64597914.18,434714.5729
8/28/2017,0.814652093,57651375.07,624007.7405
8/29/2017,0.755529393,53467374.38,652598.738
8/30/2017,0.828953391,58663450.66,572837.0084
8/31/2017,0.871980706,61708411.69,540011.6092
9/1/2017,1.229194057,87474276.17,1950015.449
9/2/2017,0.967073236,68820729.18,979341.7263
9/3/2017,0.943484063,67142031,409002.3905
9/4/2017,0.857520904,61024555.04,843983.9886
9/5/2017,0.881389221,62723118.19,423517.8481
9/6/2017,1.028009335,73157181.3,947236.4175
9/7/2017,1.077007147,76644057.99,845488.322
9/8/2017,0.863949244,61482020.92,838013.2428
9/9/2017,0.904772813,64387186.42,410489.1745
9/10/2017,0.886078815,63059506.31,752793.2091
9/11/2017,0.870717766,61966307.72,408577.1674
9/12/2017,0.942567356,67079622.21,1829450.541
9/13/2017,0.864198051,61502319.64,1015847.677
9/14/2017,0.612747873,43607383.17,821191.2499
9/15/2017,0.742576494,52846887.15,1704469.915
9/16/2017,0.752495412,53552786.05,706276.2516
9/17/2017,0.742309906,52827914.88,182218.3363
9/18/2017,0.879371857,62582192.79,759355.432
9/19/2017,0.799712971,57008280.44,342751.097
9/20/2017,0.921506197,65690423.5,850203.0666
9/21/2017,0.823616724,58712281.66,644967.019
9/22/2017,0.839416246,59838565.23,350298.8239
9/23/2017,0.808279279,57618937.65,308995.1848
9/24/2017,0.763838113,54450907.95,215160.0995
9/25/2017,0.769145376,54832394.64,402706.9874
9/26/2017,0.726469452,51790026.86,261857.4983
9/27/2017,0.738536823,52650310.07,443766.495
9/28/2017,0.689036375,49121421.75,311904.4573
9/29/2017,0.676195333,48205983.54,361817.6431
9/30/2017,0.641469273,45730361.79,217285.2903
10/1/2017,0.617492075,44021026.72,305284.6646
10/2/2017,0.732008102,52184877.38,377954.2081
10/3/2017,0.766108025,54769849.52,407283.1227
10/4/2017,0.697918435,49894905.68,227801.111
10/5/2017,0.665274446,47561153.35,179614.8883
10/6/2017,0.643036786,45971360.24,164089.3011
10/7/2017,0.627301442,44846424.32,55787.07146
10/8/2017,0.465083508,33249297.65,112305.0216
10/9/2017,0.533999917,38254130.67,187865.966
10/10/2017,0.62181739,44545729.29,163924.7066
10/11/2017,0.620381983,44442899.7,46125.88985
10/12/2017,0.595077189,42630115.89,28254.42153
10/13/2017,0.585810255,41966251.61,133091.2056
10/14/2017,0.577913771,41400563.64,38339.56667
10/15/2017,0.579084518,41484433.51,337573.1824
10/16/2017,0.582480252,41727696.99,122539.4612
10/17/2017,0.56726083,40637408.62,132768.9727
10/18/2017,0.58969196,42244329.01,87105.78846
10/19/2017,0.681367016,48811743.01,311911.429
10/20/2017,0.697055557,49935638.09,361320.3346
10/21/2017,0.658981792,47208111.23,119444.5684
10/22/2017,0.742292411,53176314.07,90733.48751
10/23/2017,0.898164797,64342693.83,639587.1225
10/24/2017,0.891637138,63875154.79,699509.5108
10/25/2017,0.83396714,59743787.99,149814.8248
10/26/2017,0.872322774,62491511.24,124041.7671
10/27/2017,0.892242949,63918553.93,221236.2192
10/28/2017,0.885574743,63440856.54,32754.0049
10/29/2017,0.880214105,63056830.88,64936.87513
10/30/2017,0.862128003,61847390.44,467445.4966
10/31/2017,0.773939507,55520918.76,536719.4491
11/1/2017,0.696455441,50063928.4,1108461.179
11/2/2017,0.808319827,58105256.75,1108371.926
11/3/2017,0.843072444,60608997.3,3652267.884
11/4/2017,0.816429875,58693646.64,667923.1841
11/5/2017,0.812003201,58375410.34,765687.0884
11/6/2017,0.841835504,60520157.13,1463672.019
11/7/2017,0.879274147,63603367.26,1815390.501
11/8/2017,0.979932434,70884607.12,3561241.997
11/9/2017,1.02242215,73959072.73,2901075.812
11/10/2017,0.975522972,70568472.33,3122602.266
11/11/2017,1.029535533,74475693.43,2703550.439
11/12/2017,0.962143321,69600600.17,2809449.855
11/13/2017,1.085869787,78550863.75,1759506.942
11/14/2017,1.249956914,90454530.78,1486281.734
11/15/2017,1.297747071,93912919.01,1941469.641
11/16/2017,1.319549681,95556666.71,1915744.262
11/17/2017,1.373215863,99580284.97,1790187.349
11/18/2017,1.344823779,97521401.23,1202469.811
11/19/2017,1.380392797,100100728.4,1566058.531
11/20/2017,1.794734724,133754613.6,10011500.69
11/21/2017,1.86007702,138624321.3,10093006.22
12/6/2017,1.51402862,113804424.5,149706.2539
12/7/2017,1.35510196,101858443.5,288967.849
12/8/2017,1.441796964,108375014.6,121780.6584
12/9/2017,1.316881402,98985533.17,53533.73387
12/10/2017,1.375429153,103386378.4,92640.67582
12/11/2017,1.267853253,95300260.18,116737.6982
12/12/2017,1.300955293,97788429.03,119083.1779
12/13/2017,1.260533604,94750066.78,121059.0577
12/14/2017,1.434038941,107791893.1,127299.4255
12/15/2017,1.414711552,106353251.2,80365.37418
12/16/2017,1.389562693,104497383.7,125458.0745
12/17/2017,1.486282927,111770903.2,183471.0133
12/18/2017,2.00411896,150713419.4,306220.8441
12/19/2017,2.165970477,162884950.1,325088.9596
12/20/2017,2.571744966,193399935.5,223021.7293
12/21/2017,3.386489272,254670200.7,428319.9149
12/22/2017,3.652121704,275279338.1,26797.10092
12/23/2017,3.224494085,243046828.5,204856.6705
12/24/2017,3.015296181,227356232.8,42757.18079
12/25/2017,2.643890359,199351876.5,56378.9889
12/26/2017,2.457265872,185280210.7,147413.107
12/27/2017,2.532422408,190947085.7,96157.49689
12/28/2017,2.531281339,190861048,68760.41689
12/29/2017,2.797311332,210922762.8,94795.03117
12/30/2017,2.519451234,189971566.2,75188.52858
12/31/2017,3.179206471,239718405.5,92298.00626
1/1/2018,3.94094441,297154940.7,229685.7949
1/2/2018,4.527027471,341346753.3,449157.8258
1/3/2018,6.555936098,494330444.6,335371.4444
1/4/2018,6.907477036,520837321,307249.0433
1/5/2018,9.568637714,721494057.3,66190.04259
1/6/2018,12.47431208,940587605.6,102549.3254
1/7/2018,11.843509,893023815.8,38452.04459
1/8/2018,11.15669044,841236348.5,52628.13296
1/9/2018,8.455895242,637591091.7,38463.81397
1/10/2018,12.2115305,920773358.6,50718.97666
1/11/2018,9.023343136,680377776.2,30709.33631
1/12/2018,8.512343061,641847419.1,294686.39
1/13/2018,8.6555185,652670030.3,223266.6486
1/14/2018,7.790629142,587452982.6,128228.8312
1/15/2018,6.844191754,516086799.4,182613.9486
1/16/2018,6.196359654,467236970.6,285821.0554
1/17/2018,6.649838264,501431646.1,320822.4905
1/18/2018,6.916585987,521545781.9,201987.6684
1/19/2018,7.259762717,547423053.8,21689.31915
1/20/2018,7.640693676,576147186.7,35337.40544
1/21/2018,6.481805155,488761094.6,54988.61552
1/22/2018,6.025038012,454330577.6,55233.44299
1/23/2018,6.007827518,453040756.8,61906.3512
1/24/2018,5.813847728,438413745.7,37580.43155
1/25/2018,5.566000581,419723955.2,62850.14318
1/26/2018,5.258010334,396498861.6,35076.23306
1/27/2018,5.726233186,431806861.3,28880.21745
1/28/2018,5.401210863,407297403.8,45664.03157
1/29/2018,4.560779641,343921715.8,58388.03602
1/30/2018,4.523098871,341080264.1,57190.7236
1/31/2018,4.497749116,339168676.1,95993.90991
2/1/2018,4.603590598,347150027.3,69174.9905
2/2/2018,4.010550024,302429705.9,39646.8156
2/3/2018,3.982501167,300314582.6,97004.91657
2/4/2018,4.409346978,332509318.6,35570.04987
2/5/2018,3.855498229,291477593.9,32542.28288
2/6/2018,2.755137445,208289768.4,37174.06498
2/7/2018,3.884073487,293637897.7,78932.0721
2/8/2018,4.062605315,307134993.2,48583.70411
2/9/2018,4.355699817,329296133,33626.62279
2/10/2018,4.679641249,353786494,79612.96533
2/11/2018,4.154446938,314081173.8,46780.41768
2/12/2018,3.87444025,292912332.3,41354.07966
2/13/2018,4.113816494,311828462.7,31840.10808
2/14/2018,3.843154017,291312169.8,17364.08784
2/15/2018,4.083104263,309500466.8,28854.06818
2/16/2018,4.058712724,307652981.5,14337.35133
2/17/2018,4.239865668,321384488.7,58853.7888
2/18/2018,4.174336478,316417334.9,27605.22637
2/19/2018,3.501220999,265405261.2,18410.11823
2/20/2018,3.880033221,294120602.6,25887.69639
2/21/2018,3.87440542,293693994.9,19428.51168
2/22/2018,3.275939088,248327645.4,19538.31547
2/23/2018,3.439490464,260725411.9,19476.09682
2/24/2018,3.154511343,239136940.3,23964.00422
2/25/2018,2.778504474,210632642.1,15838.9796
2/26/2018,3.19938551,242538757.6,23116.20904
2/27/2018,3.420652526,259312549.6,15121.36038
2/28/2018,3.913995256,296711835.3,29377.02712
3/1/2018,3.791119493,287396879.4,51546.69874
3/2/2018,3.951324162,299541662,89662.21472
3/3/2018,4.147127169,314385080.5,85133.49317
3/4/2018,5.211415195,395066541,168447.6484
3/5/2018,5.033476006,381577341.4,68313.17235
3/6/2018,4.85321332,367912244.9,53932.15453
3/7/2018,4.379333955,331988412.7,35090.0662
3/8/2018,3.743634602,284048881.9,35490.86013
3/9/2018,3.526369176,267563832.5,46915.77756
3/10/2018,3.21434695,243889095.6,36259.24006
3/11/2018,3.152008793,239474378.6,30304.50084
3/12/2018,3.218614148,244534731.3,13337.08711
3/13/2018,3.479242699,264336027.7,32219.45052
3/14/2018,3.387805096,257389041,18330.88721
3/15/2018,2.668477527,202738012.4,32480.12399
3/16/2018,2.778417997,211090757.4,28653.41682
3/17/2018,2.767851923,210287998.2,20688.6341
3/18/2018,2.460818886,186961113.5,23836.27652
3/19/2018,2.262307019,171879142.3,36989.19295
3/20/2018,2.372462963,180248258,9289.36579
3/21/2018,2.750738606,208987811.2,23311.06483
3/22/2018,2.978167875,226266786.8,20021.44554
3/23/2018,2.84319752,216012392.2,18005.85702
3/24/2018,2.676931053,203380270.4,17388.50653
3/25/2018,2.802959607,212976388.5,15240.90933
3/26/2018,3.343061821,254349109.4,42796.83032
3/27/2018,3.488830054,265440943.1,22792.24979
3/28/2018,2.844841674,216444322.3,28300.27385
3/29/2018,2.639263308,200803286.7,14678.2025
3/30/2018,2.12019229,161310763.8,36607.29042
3/31/2018,2.183481865,166126029.8,14477.93703
4/1/2018,2.023186574,153930775.8,14928.74142
4/2/2018,1.971011316,149961108.4,7290.540174
4/3/2018,2.133883594,162352973.9,8585.734935
4/4/2018,2.229287086,169611589.5,8019.611256
4/5/2018,1.938498665,147487437.5,19307.04088
4/6/2018,1.968278633,149753196.7,12000.89581
4/7/2018,1.895599638,144602656.5,5921.147516
4/8/2018,1.968665404,150176356.6,9904.868519
4/9/2018,1.987586195,151619697.6,3789.195427
4/10/2018,1.957883493,149488283.2,6181.311793
4/11/2018,2.015820453,154002451.7,10734.69177
4/12/2018,1.972134751,150665060.2,2229.628621
4/13/2018,2.297395548,175513989.8,7920.365177
4/14/2018,2.318355363,177115255.5,19654.90352
4/15/2018,2.458889038,187851598.3,10810.59557
4/16/2018,2.483222926,189710632.9,6112.850934
4/17/2018,2.4455707,186834118,9758.748867
4/18/2018,2.427834837,185479152.4,11088.34156
4/19/2018,2.437568006,186222736.7,7647.480396
4/20/2018,2.834044537,216512330.4,23152.33382
4/21/2018,3.044714218,232606849.5,13942.25009
4/22/2018,3.130656057,239172542.9,14970.78112
4/23/2018,2.678784128,204650910.3,28492.30133
4/24/2018,3.182651975,243144872,7349.145272
4/25/2018,3.749072924,286446807,46090.25752
4/26/2018,3.016298903,230459424.9,11918.53747
4/27/2018,3.479936829,265883543.3,10661.92338
4/28/2018,3.359655543,256693487.3,17208.6494
4/29/2018,3.349723775,255934653.5,7961.658565
4/30/2018,3.300550948,252177618.2,11001.53908
5/1/2018,3.644274376,278439705,32043.49773
5/2/2018,3.5107092,268557865,8599.08089
5/3/2018,3.514560392,268852468.8,8906.437269
5/4/2018,3.661457978,280089657.6,22259.43491
5/5/2018,3.390418075,259355984.2,34468.75968
5/6/2018,3.320219309,253986006.4,14743.56472
5/7/2018,3.174283005,242822352.5,9292.190754
5/8/2018,3.234288679,247412591.9,9676.276306
5/9/2018,3.6472002,278998983.8,62085.59287
5/10/2018,4.285483762,327825605.7,146561.5944
5/11/2018,3.454546826,264261625.7,14392332.73
5/12/2018,2.866531414,219717130.4,5387696.437
5/13/2018,2.815599467,215817197.1,2200638.834
5/14/2018,3.062984823,234779416.2,5627669.059
5/15/2018,2.914511727,223398874.4,3415582.293
5/16/2018,2.719005814,208413242.2,1532348.719
5/17/2018,2.487056181,190634179.4,1790733.454
5/18/2018,2.365289237,181300678.3,562402.2298
5/19/2018,2.416347467,185214318.9,804301.482
5/20/2018,2.472931222,189551493.8,560124.6698
5/21/2018,2.443780835,187317101.1,316654.8824
5/22/2018,2.811218465,215481390.9,5386874.608
5/23/2018,2.543963238,194996135.6,4513615.865
5/24/2018,2.224315423,170494960.5,5028997.393
5/25/2018,2.465871271,189010344.7,5857052.698
5/26/2018,2.285755763,175204395.2,3555752.869
5/27/2018,2.155320587,165206469.6,3298923.122
5/28/2018,2.16500384,165948696.1,4138504.142
5/29/2018,1.953196283,149713534.2,3358542.261
5/30/2018,2.236941519,171462757.5,4464482.586
5/31/2018,2.173545892,166603448.9,2582859.134
6/1/2018,2.439139683,186961354.3,6499834.517
6/2/2018,2.325999976,178654292,7060767.529
6/3/2018,2.380657908,182852432.3,5454847.355
6/4/2018,2.450292482,188200891.3,6435938.109
6/5/2018,2.239520781,172012039.4,4806918.587
6/6/2018,2.271891843,174498380.4,4414724.405
6/7/2018,2.318874748,178158402.5,4721235.151
6/8/2018,2.309682807,177452188.7,4392924.584
6/9/2018,2.348524231,180436362.8,4829325.545
6/10/2018,2.381474653,182967933.1,6397607.654
6/11/2018,2.061861414,158412150.6,4329155.334
6/12/2018,2.069150164,158972142.9,4020071.593
6/13/2018,1.821297554,139929706.5,4359219.495
6/14/2018,1.663163458,127819249.3,4322503.226
6/15/2018,1.903335694,146277227.5,4007873.434
6/16/2018,1.674313246,128676144.9,3536865.689
6/17/2018,1.699367472,130601639.6,2497622.223
6/18/2018,1.67042747,128377511,2527870.958
6/19/2018,1.683004786,129344116.6,2521476.861
6/20/2018,1.631666435,125398605.8,2085677.37
6/21/2018,1.533073979,117821471,2885916.993
6/22/2018,1.511743304,116182142.7,1939543.01
6/23/2018,1.251736543,96199819.96,2838660.706
6/24/2018,1.307485371,100484289.6,1669162.069
6/25/2018,1.186456908,91182878.35,2275266.671
6/26/2018,1.238653522,95194349.35,1998326.466
6/27/2018,1.168414646,89796274.76,1202857.076
6/28/2018,1.162739637,89360132.84,2076266.691
6/29/2018,1.268257985,97469543.8,6228462.955
6/30/2018,1.524673706,117175884,6351381.307
7/1/2018,1.533096264,117823185.1,8003254.088
7/2/2018,1.448858613,111984051.2,3922823.407
7/3/2018,1.604323717,124000139,5668676.233
7/4/2018,1.743424711,134760758.9,8159056.309
7/5/2018,2.452989511,189607687.7,35000413.21
7/6/2018,2.885991392,223079910.9,46005997.32
7/7/2018,1.994820269,154194613.7,10100984.54
7/8/2018,1.954446518,151073823.9,6191315.598
7/9/2018,2.002456243,154784855.5,9351860.419
7/10/2018,2.704141541,209023372.6,24390049.01
7/11/2018,2.263874866,174991860.7,16022027.44
7/12/2018,1.402452823,108406092.9,2469143.556
7/13/2018,1.260998773,97472048.9,2023951.943
7/14/2018,2.228670404,172270643.8,8416152.591
7/15/2018,2.509235576,193957629.4,14247999.09
7/16/2018,2.221040551,171680875.4,5337474.745
7/17/2018,2.882457774,222806771.1,44677097.16
7/18/2018,3.339767228,258157985.2,35106477.97
7/19/2018,1.370899528,106015334.5,2539151.702
7/20/2018,1.271952928,98388027.81,1889109.081
7/21/2018,1.183523593,91547847.18,2472264.67
7/22/2018,1.207837714,93428591.61,3420489.118
7/23/2018,1.190338161,92074967.22,2131696.838
7/24/2018,1.124505062,86982649.2,1979694.406
7/25/2018,1.137758617,88007837.38,2474354.623
7/26/2018,1.126835786,87162935.27,1826411.251
7/27/2018,1.028502192,79556640.86,2021335.559
7/28/2018,1.07290194,82991047.52,2007626.638
7/29/2018,1.07001607,82767819.93,1854282.242
7/30/2018,1.072801363,82983267.73,2144564.017
7/31/2018,0.973095335,75270812.95,2527084.547
8/1/2018,0.818333165,63436047.02,3412590.418
8/2/2018,0.793403838,61894706.85,2099061.341
8/3/2018,0.720114321,56177273.98,1750502.037
8/4/2018,0.735359138,57366546.64,3407926.849
8/5/2018,0.666103158,51963776.47,1997858.421
8/6/2018,0.706773675,55136548.73,1661147.889
8/7/2018,0.66269992,51698284.41,1741667.987
8/8/2018,0.610604132,47634208.37,1432736.335
8/9/2018,0.516300794,40277453.62,1576899.634
8/10/2018,0.555353027,43328939.17,1229140.975
8/11/2018,0.498624782,38902971.24,1104405.932
8/12/2018,0.463773584,36183862.23,910968.3252
8/13/2018,0.458790971,35795116.07,945036.7203
8/14/2018,0.392642067,30634143.35,978377.8497
8/15/2018,0.365315505,28593439.28,1751540.591
8/16/2018,0.366349053,28834503.2,1264299.884
8/17/2018,0.427601701,33479815.37,1284056.371
8/18/2018,0.547297717,42851622.12,2643875.063
8/19/2018,0.433566056,33947468.65,1579641.258
8/20/2018,0.489280701,38309079.4,1485337.072
8/21/2018,0.447983704,35075659.54,1319173.763
8/22/2018,0.447772989,35062898.14,1037772.227
8/23/2018,0.397238896,31100923.29,1173364.921
8/24/2018,0.433386852,33932773.73,984878.5642
8/25/2018,0.469375418,36754321.64,991319.5242
8/26/2018,0.466266048,36507107.23,1087992.207
8/27/2018,0.489329253,38129060.59,1383618.374
8/28/2018,0.537949175,42179421.14,1627442.396
8/29/2018,0.569508307,44740431.29,1725148.011
8/30/2018,0.502966916,39512287.49,1602244.692
8/31/2018,0.498365164,39151443.58,1850183.496
9/1/2018,0.488607296,38384867.94,1218824.74
9/2/2018,0.529272949,41580080.83,1355508.449
9/3/2018,0.500797541,39762513.63,1407669.413
9/4/2018,0.494820737,39312721.02,1529853.184
9/5/2018,0.488680296,38847290.1,1409776.211
9/6/2018,0.409661217,32589912.96,614.167933
9/7/2018,0.390850477,31068456.04,1054656.509
9/8/2018,0.373946244,29730195.73,935048.8512
9/9/2018,0.351696478,27957859.58,1019334.864
9/10/2018,0.336099422,26717982.84,919906.6803
9/11/2018,0.335041083,26717611.51,836354.3835
9/12/2018,0.312103629,24931408.29,788963.1823
9/13/2018,0.292511466,23378520.81,929153.8504
9/14/2018,0.321966921,25719306.12,866834.1197
9/15/2018,0.322692311,25663307.17,866761.34
9/16/2018,0.330411147,26394588.29,734973.9277
9/17/2018,0.344175981,27498490.84,1141742.415
9/18/2018,0.308855257,24676781.51,971461.8012
9/19/2018,0.310569507,24812923.84,933107.2639
9/20/2018,0.305206988,24399360.77,819365.9884
9/21/2018,0.310095426,24790160.34,1050106.703
9/22/2018,0.3198831,25572622.79,1739798.244
9/23/2018,0.332067369,26546677.73,1621864.482
9/24/2018,0.332388085,26468209.81,1088925.376
9/25/2018,0.321940103,25763013.48,1149853.168
9/26/2018,0.310888434,24931278.43,971124.9091
9/27/2018,0.332794235,26693388.69,1318674.382
9/28/2018,0.348560868,27950354.96,1632936.345
9/29/2018,0.340288077,27228413.56,945312.3666
9/30/2018,0.343015491,27424951.53,837785.809
10/1/2018,0.339304297,27141443.78,948144.612
10/2/2018,0.339346327,27074485.8,580109.2252
10/3/2018,0.327484754,26344361.06,1010715.568
10/4/2018,0.317959557,25541680.82,964428.8092
10/5/2018,0.326516269,26266451.7,830646.1644
10/6/2018,0.338591051,27231443.69,1330680.38
10/7/2018,0.33971645,27413293.97,987601.3353
10/8/2018,0.352503107,28446164.45,1671533.424
10/9/2018,0.349243337,28269046.14,1271157.344
10/10/2018,0.340938336,27601486.86,1071683.918
10/11/2018,0.34416574,27855898.86,1094889.901
10/12/2018,0.301179903,24444407.11,1172808.498
10/13/2018,0.302523637,24643202.26,682147.1351
10/14/2018,0.337308289,27364039.32,1935599.967
10/15/2018,0.372978721,30425816.24,5461167.84
10/16/2018,0.368578635,30105098.91,2902300.867
10/17/2018,0.395483517,32285827.38,2091852.704
10/18/2018,0.383135745,31280463.37,1719754.523
10/19/2018,0.36750369,30004210.93,1248390.03
10/20/2018,0.386186975,31529575.83,1606980.195
10/21/2018,0.446034864,36411713.05,2680914.489
10/22/2018,0.417128738,33920924.36,3131463.889
10/23/2018,0.435600298,35685226.15,1911009.71
10/24/2018,0.427212272,34953991.8,2235108.739
10/25/2018,0.429617912,35157229.13,1303402.89
10/26/2018,0.409384207,33506306.91,1339395.29
10/27/2018,0.397012273,32490158.69,998153.5241
10/28/2018,0.382532349,31305784.83,1357400.276
10/29/2018,0.390238736,31930286.12,983049.6129
10/30/2018,0.364310962,29814399.87,772117.4497
10/31/2018,0.379579797,30994665,642231.7478
11/1/2018,0.375458246,30725351.62,733889.0715
11/2/2018,0.395370152,32469631.59,1237924.626
11/3/2018,0.389845613,32017457.37,755257.2156
11/4/2018,0.380036975,31057324.42,769923.8153
11/5/2018,0.357928364,29392692.21,830457.4307
11/6/2018,0.348291962,28603358.87,668029.3667
11/7/2018,0.346365706,28534770.58,953729.3721
11/8/2018,0.353404137,29127374.38,726557.3762
11/9/2018,0.343655936,28360614.2,402676.755
11/10/2018,0.330354366,27267280.6,337038.2594
11/11/2018,0.334382776,27514740.1,165480.3075
11/12/2018,0.353380622,29077980.92,745424.2985
11/13/2018,0.33365511,27458906.22,972805.5076
11/14/2018,0.318289037,26194405.95,515457.4072
11/15/2018,0.259058766,21316691.93,1022795.535
11/16/2018,0.244816902,20118033.12,584433.6233
11/17/2018,0.231164227,19039346.34,394178.5295
11/18/2018,0.231822483,19091113.36,232741.8213
11/19/2018,0.233644552,19234920.15,223408.2852
11/20/2018,0.170547271,14166771.23,685854.8708
11/21/2018,0.142519988,11827354.2,657524.5725
11/22/2018,0.159160015,13218426.78,404088.5818
11/23/2018,0.142857568,11912430.91,213466.4022
11/24/2018,0.150234947,12515193.13,255852.093
11/25/2018,0.128408878,10760733.04,236066.6044
11/26/2018,0.121991715,10318825.79,481975.8426
11/27/2018,0.111483221,9536467.763,324236.0797
11/28/2018,0.115464211,9837300.428,523838.5306
11/29/2018,0.135385865,11542541.85,635926.9989
11/30/2018,0.13570937,11636640.58,658845.7726
12/1/2018,0.124986008,10716227.93,356398.3673
12/2/2018,0.129972427,11235572.84,241935.613
12/3/2018,0.123780557,10777508.98,417768.8852
12/4/2018,0.115619175,10072014.48,397381.1342
12/5/2018,0.118466435,10341051.38,351175.7632
12/6/2018,0.110886612,9766993.426,247420.5411
12/7/2018,0.093185834,8123916.162,383323.4113
12/8/2018,0.092559937,8106632.999,303726.7995
12/9/2018,0.089777296,7878344.215,146647.2231
12/10/2018,0.093837414,8253804.347,91858.23608
12/11/2018,0.089605237,7849222.149,75566.73226
12/12/2018,0.08666094,7592043.181,106350.9976
12/13/2018,0.089912977,7862548.323,58890.71314
12/14/2018,0.085752697,7520475.992,121384.5237
12/15/2018,0.084255363,7380754.457,97736.07094
12/16/2018,0.090993489,7969895.505,537315.3607
12/17/2018,0.087088492,7665403.775,326889.7406
12/18/2018,0.09564201,8403639.168,279917.3875
12/19/2018,0.097370352,8589277.658,200603.9856
12/20/2018,0.099054247,8748118.921,231826.8899
12/21/2018,0.112091308,9890638.23,208791.6584
12/22/2018,0.110197888,9757481.958,432993.9634
12/23/2018,0.122472565,10797765.73,521021.5881
12/24/2018,0.119898625,10578654.84,312696.7816
12/25/2018,0.121787379,10702246.39,293899.4929
12/26/2018,0.109152039,9635732.213,189161.8433
12/27/2018,0.110663507,9763240.885,115865.9506
12/28/2018,0.103166553,9096181.496,160309.1364
12/29/2018,0.129413267,11442234.28,1118322.103
12/30/2018,0.1159741,10398631.86,794041.1492
12/31/2018,0.120136285,10653452.2,560147.5257
1/1/2019,0.119287715,10582583.38,1504126.005
1/2/2019,0.116556652,10313929.38,628659.3058
1/3/2019,0.119261698,10580275.23,342335.3896
1/4/2019,0.112603926,10191865.62,224454.0769
1/5/2019,0.115209168,10452027.51,158900.2791
1/6/2019,0.113946656,10312574.23,148489.8818
1/7/2019,0.117807215,10727105.07,169574.0442
1/8/2019,0.11640644,10531575.18,97857.24709
1/9/2019,0.116253937,10520948.36,66904.59963
1/10/2019,0.119345249,10805177.34,389623.3166
1/11/2019,0.101910647,9227412.955,235963.9384
1/12/2019,0.103277528,9346123.806,108838.3633
1/13/2019,0.103102392,9330478.372,103186.4827
1/14/2019,0.09680637,8760514.87,122550.9948
1/15/2019,0.106467244,9611609.576,122684.3244
1/16/2019,0.105297341,9527938.956,176978.1799
1/17/2019,0.117548943,10684523.59,851342.758
1/18/2019,0.135363587,12336695.14,2794676.302
1/19/2019,0.207394241,19144304.93,32056127.66
1/20/2019,0.213421096,19807492.26,18472825.91
1/21/2019,0.219071851,20333392.76,7783226.758
1/22/2019,0.203814184,18973997.65,6051877.831
1/23/2019,0.187359085,17389393.13,3556988.44
1/24/2019,0.177293977,16452391.69,2037034.637
1/25/2019,0.169786279,15758405.02,1641786.474
1/26/2019,0.178697717,16585503.97,2830627.558
1/27/2019,0.174504591,16196938.44,1541896.996
1/28/2019,0.152965685,14188052.59,1664436.323
1/29/2019,0.150956726,14020094.64,2796810.31
1/30/2019,0.153027104,14277767.88,5263670.419
1/31/2019,0.148198673,13809607.66,1865886.298
2/1/2019,0.140293099,13072941.98,1395219.774
2/2/2019,0.142827962,13347260.84,955352.8698
2/3/2019,0.142246218,13182248.78,670445.6375
2/4/2019,0.138802756,12938138.73,610791.4832
2/5/2019,0.148250429,13814430.42,2044548.977
2/6/2019,0.14085144,13124969.88,1536075.631
2/7/2019,0.131980255,12295894.47,926544.8399
2/8/2019,0.133269487,12420396.58,507789.7258
2/9/2019,0.141729921,13225103.45,961981.2693
2/10/2019,0.140938973,13150397.67,759245.5186
2/11/2019,0.141988777,13208420.55,534672.2349
2/12/2019,0.138677864,12971170.91,272686.2471
2/13/2019,0.150153321,13993478.38,1257701.843
2/14/2019,0.144665201,13485170.01,975911.6353
2/15/2019,0.142823861,13287750.71,545896.0061
2/16/2019,0.14075244,13120436.53,468355.7233
2/17/2019,0.143930704,13416702.86,796902.8744
2/18/2019,0.147560959,13735660.21,796953.1877
2/19/2019,0.156002971,14542036.22,1260252.391
2/20/2019,0.151178636,14107551.84,716561.7214
2/21/2019,0.155210115,14471763.58,544793.3952
2/22/2019,0.147429587,13720673.27,601664.382
2/23/2019,0.152864568,14246821.11,404026.8687
2/24/2019,0.156464772,14593553.66,885734.0973
2/25/2019,0.14269633,13578994.04,2459482.827
2/26/2019,0.145386984,13578916.95,1592868.693
2/27/2019,0.147559002,13819287.6,988465.0006
2/28/2019,0.144927859,14043535.58,3348893.861
3/1/2019,0.141768532,16675083.76,2754704.197
3/2/2019,0.142709693,16787528.24,1014145.94
3/3/2019,0.142147053,16715115.96,695030.359
3/4/2019,0.142662413,16780223.71,847926.0597
3/5/2019,0.137688487,16195181.05,672242.5672
3/6/2019,0.140945799,16613336.79,604906.1856
3/7/2019,0.144387096,17004937.73,1037691.908
3/8/2019,0.146143648,17138655.23,830181.8238
3/9/2019,0.143573782,16933037.23,2326307.784
3/10/2019,0.165940618,19518250.4,4490457.303
3/11/2019,0.166330626,19531587.88,8298470.836
3/12/2019,0.154488246,18181570.63,3343006.517
3/13/2019,0.15825433,18627479.02,2072511.439
3/14/2019,0.158000748,18584644.13,1909293.041
3/15/2019,0.163268235,19187604.31,2285878.798
3/16/2019,0.163856655,19273130.71,1099682.295
3/17/2019,0.16108219,18940721.11,1176759.967
3/18/2019,0.159989317,18818246.98,648442.0005
3/19/2019,0.16055697,18885015.48,967825.786
3/20/2019,0.158531146,18646734.14,1076693.459
3/21/2019,0.160776491,18911470.16,1219323.284
3/22/2019,0.151593405,17843913.6,1689768.72
3/23/2019,0.155398317,18278244.9,1313673.693
3/24/2019,0.155333105,18321190.94,759202.1883
3/25/2019,0.156842047,18455626.06,783010.3031
3/26/2019,0.154060779,18094744.17,2272730.369
3/27/2019,0.156547171,18413375.26,4612701.689
3/28/2019,0.166565037,19545387.29,9182762.876
3/29/2019,0.170950019,20106951.75,3952328.062
3/30/2019,0.170110701,19923424.79,2009379.251
3/31/2019,0.173972775,20463007.84,2530974.803
4/1/2019,0.206714814,24172007.29,3812021.455
4/2/2019,0.201004666,23642550.23,7490742.058
4/3/2019,0.210275648,24731926.74,21149800.89
4/4/2019,0.20052289,23624779.66,7337767.545
4/5/2019,0.198506799,23479855.14,2572368.597
4/6/2019,0.204293726,24028149.62,1771544.882
4/7/2019,0.340093295,40010612.98,5230560.12
4/8/2019,0.201509796,23667189.53,1396096.733
4/9/2019,0.197268038,23151010.98,2103077.317
4/10/2019,0.365439123,42682480.81,9900810.038
4/11/2019,0.184828136,21783734.55,1841803.478
4/12/2019,0.163163018,19243315.28,2443380.01
4/13/2019,0.163821463,19273861.16,1156951.839
4/14/2019,0.16375306,19297928.72,699229.0657
4/15/2019,0.170217812,20015979.35,2019610.06
4/16/2019,0.166035843,19556817.7,1772407.708
4/17/2019,0.160227927,18741720.16,901359.4619
4/18/2019,0.161014864,18943802.11,1168356.297
4/19/2019,0.161212662,18950352.18,1356185.232
4/20/2019,0.160053976,18864574.13,1256100.855
4/21/2019,0.165218623,19431791.12,1328814.252
4/22/2019,0.156798269,18442909.96,1012664.753
4/23/2019,0.160000628,18827098.41,1784505.699
4/24/2019,0.150181368,17687287.75,1557034.486
4/25/2019,0.136900535,16108976.82,1233589.802
4/26/2019,0.127046495,14923416.22,1200575.989
4/27/2019,0.121217723,14258354.24,1127999.874
4/28/2019,0.125241644,14731159.79,700975.2768
4/29/2019,0.120786297,14201879.45,430653.7432
4/30/2019,0.116355107,13682624.02,541750.7423
5/1/2019,0.120396119,14157933.41,404678.4266
5/2/2019,0.121509348,14312103.33,460438.5639
5/3/2019,0.121001268,14249351.16,307483.5489
5/4/2019,0.117051408,13756631.4,713278.7198
5/5/2019,0.110187825,12958178.95,597933.4889
5/6/2019,0.116670715,13708164.37,521610.2113
5/7/2019,0.12671186,15000678.89,3991834.812
5/8/2019,0.114363626,13732096.77,1201166.235
5/9/2019,0.113741483,13378489.08,434735.742
5/10/2019,0.100504769,11916057.81,597504.2983
5/11/2019,0.108441926,12755145.11,1153646.994
5/12/2019,0.121465777,14287096.83,1426963.749
5/13/2019,0.114175521,13429541.35,617050.9446
5/14/2019,0.115598185,13596877.85,841072.5349
5/15/2019,0.117572236,13829069.46,892839.7999
5/16/2019,0.151983975,18053558.45,1845097.478
5/17/2019,0.131529567,15449373.84,1336240.474
5/18/2019,0.125122612,14706630.48,900733.4078
5/19/2019,0.125491116,14960638.46,465027.6615
5/20/2019,0.126448445,14889961.12,798098.9047
5/21/2019,0.125870396,14846978.16,815457.9363
5/22/2019,0.135825788,15977781.53,1256314.395
5/23/2019,0.13510319,15891093.59,1867688.411
5/24/2019,0.143556039,16885333.71,1979723.885
5/25/2019,0.13906003,16356504.56,2384571.599
5/26/2019,0.145829268,17157944.64,1233707.359
5/27/2019,0.1405512,16531898.78,2297232.949
5/28/2019,0.141835311,16715260.38,1697937.895
5/29/2019,0.138426582,16267341.69,997509.7095
5/30/2019,0.144864747,17039266.44,863117.8353
5/31/2019,0.129831176,15480072.53,2080715.392
6/1/2019,0.225404505,27125014.47,1533412.357
6/2/2019,0.131980599,15708416.87,990573.3322
6/3/2019,0.138421456,16446270.07,625848.0918
6/4/2019,0.12576335,14976257.27,672307.962
6/5/2019,0.115394521,13735159.59,452918.741
6/6/2019,0.123652623,14718103.5,364771.685
6/7/2019,0.123121426,14582996.92,476769.6247
6/8/2019,0.127380765,15206791.97,552407.6671
6/9/2019,0.129527859,15430064.25,848278.9725
6/10/2019,0.130603152,15611541.81,1124755.836
6/11/2019,0.138415105,16496513,1983774.203
6/12/2019,0.141628807,16896255.44,1447644.806
6/13/2019,0.139102317,16579727.01,1054809.563
6/14/2019,0.131480722,15683781.16,890608.6503
6/15/2019,0.123290842,14757926.55,1248756.068
6/16/2019,0.127306115,15052730.59,1148578.621
6/17/2019,0.122759547,14654266.14,780287.6067
6/18/2019,0.119826624,14314787.68,612903.787
6/19/2019,0.121470256,14509109.1,500913.9021
6/20/2019,0.12129883,14488632.93,706652.1384
6/21/2019,0.114546469,13654234.81,840691.2991
6/22/2019,0.108949018,13013500.11,676859.9807
6/23/2019,0.109976315,13075252.66,1127113.546
6/24/2019,0.107507071,12847122.6,1222159.707
6/25/2019,0.111212581,13294983,1076887.267
6/26/2019,0.111602767,13490309.41,706029.6311
6/27/2019,0.101022491,12263985.03,1212992.663
6/28/2019,0.098818572,11766893.86,940206.8025
6/29/2019,0.099465226,11908704.65,754560.2851
6/30/2019,0.10378596,12413675.81,1107247.628
7/1/2019,0.096441779,11562023.86,491051.1866
7/2/2019,0.096472086,11688418.76,476513.6394
7/3/2019,0.227156644,27457799.95,2230663.495
7/4/2019,0.108787334,13116764.51,4530372.63
7/5/2019,0.128236383,15381790.28,7962403.832
7/6/2019,0.115567646,13875476.51,3181352.198
7/7/2019,0.111514814,13413218.88,1413518.311
7/8/2019,0.116763968,14089391.15,974980.2221
7/9/2019,0.152511326,18074000.39,8505876.995
7/10/2019,0.140574889,16946600.91,14027459.53
7/11/2019,0.125011779,14995003.11,5265365.507
7/12/2019,0.104923672,12457605.43,1886842.571
7/13/2019,0.15263933,18359341.8,8223106.461
7/14/2019,0.138674259,16552918.23,3015968.332
7/15/2019,0.12485257,14975906.14,1705691.082
7/16/2019,0.131593697,15843640.08,1102077.704
7/17/2019,0.116855368,14131364.08,965191.3346
7/18/2019,0.11458438,13927326.23,924529.583
7/19/2019,0.120557731,14468002.25,741707.205
7/20/2019,0.127117043,15266179.03,994893.7772
7/21/2019,0.127173216,15376090.67,949976.6567
7/22/2019,0.130104721,15554187.47,685906.5323
7/23/2019,0.143889957,17273741.78,2382438.954
7/24/2019,0.127213293,15379761.84,1423993.683
7/25/2019,0.125957307,15183069.84,614461.5652
7/26/2019,0.125677175,15147002.67,431770.4589
7/27/2019,0.128637985,15472381.63,554086.624
7/28/2019,0.120774021,14550207.82,384658.1891
7/29/2019,0.122496829,14757762.52,425378.9617
7/30/2019,0.124984088,15103870.96,639334.3848
7/31/2019,0.120633246,14537319.81,726899.438
8/1/2019,0.117293005,14164852.16,964479.9736
8/2/2019,0.113097727,14755373.09,605632.982
8/3/2019,0.112828382,15880929.66,677842.2576
8/4/2019,0.114437306,16059347.58,905011.478
8/5/2019,0.109486935,15390663.08,505380.4238
8/6/2019,0.103473878,14604289.77,740899.3947
8/7/2019,0.109428574,15165997.93,1011686.044
8/8/2019,0.098279725,13788530.74,1415406.902
8/9/2019,0.09863513,13872891.02,659578.9478
8/10/2019,0.095504631,13398532.6,504406.5045
8/11/2019,0.094829403,13366331.49,559780.3806
8/12/2019,0.096736306,13605824.1,543290.9786
8/13/2019,0.096822329,13654417.24,772268.5424
8/14/2019,0.093991048,13219707.47,328428.8862
8/15/2019,0.084278967,11853717.14,550061.4209
8/16/2019,0.08235186,11652631.17,494863.2723
8/17/2019,0.079779863,11209703.72,351221.7789
8/18/2019,0.083703751,11772813.84,217799.4559
8/19/2019,0.08128133,11473935.54,188804.6782
8/20/2019,0.084449431,11877690.37,165165.6465
8/21/2019,0.084987162,11953323.8,429764.8053
8/22/2019,0.092850777,13065443.65,966839.1564
8/23/2019,0.092972768,13076487.87,693245.5701
8/24/2019,0.090949069,12797537.54,547725.5211
8/25/2019,0.089231916,12550342.42,411664.5315
8/26/2019,0.08642293,12155262.41,1650574.114
8/27/2019,0.089782013,12627712.77,2739019.387
8/28/2019,0.089510264,12589351.36,422160.4095
8/29/2019,0.082617783,11620073.98,394409.546
8/30/2019,0.081969657,11529746.7,360542.3192
8/31/2019,0.082155509,11555055.81,143518.6326
9/1/2019,0.081357946,11439930.17,316466.3657
9/2/2019,0.081493881,11460917.91,142198.1547
9/3/2019,0.080902539,11372190.85,164839.7269
9/4/2019,0.081668423,11486547.83,186042.0188
9/5/2019,0.081335064,11431466.82,168938.8936
9/6/2019,0.081552346,11485416.5,127242.3114
9/7/2019,0.078254943,10960532.16,183858.3965
9/8/2019,0.080973583,11403906.49,139764.1936
9/9/2019,0.080510332,11338664.65,276236.7628
9/10/2019,0.079791006,11237358.44,226157.7177
9/11/2019,0.078223768,11011097.96,533773.7115
9/12/2019,0.075066311,10560350.24,457853.9789
9/13/2019,0.074733024,10524822.78,410990.6802
9/14/2019,0.072079184,10151264.81,310263.7254
9/15/2019,0.071350349,10056750.04,428543.4712
9/16/2019,0.071276162,10038171.25,296964.502
9/17/2019,0.068985597,9721498.109,338875.6118
9/18/2019,0.069535118,9794655.421,729339.8368
9/19/2019,0.071873032,10122173.64,746544.0085
9/20/2019,0.069559298,9796449.207,405460.3163
9/21/2019,0.070522709,9924000.868,262852.3387
9/22/2019,0.069941865,9850432.221,185267.3628
9/23/2019,0.069556215,9798778.098,502707.4572
9/24/2019,0.066956251,9429776.934,236852.315
9/25/2019,0.055089666,7791943.04,444303.0922
9/26/2019,0.053050896,7471417.632,341673.9917
9/27/2019,0.051064297,7197381.369,196704.439
9/28/2019,0.05191772,7310464.398,193865.5251
9/29/2019,0.054947384,7738509.338,1106480.141
9/30/2019,0.053392803,7544376.923,424737.031
10/1/2019,0.054423183,7664433.151,218575.0112
10/2/2019,0.061704465,8690142.273,1194039.736
10/3/2019,0.061704465,8690142.273,1194039.736
10/4/2019,0.060174298,8507118.315,667965.0456
10/5/2019,0.059927735,8441499.875,637645.741
10/6/2019,0.061847828,8683327.256,437097.2999
10/7/2019,0.059403661,8366108.787,461108.8489
10/8/2019,0.062294872,8773292.246,664850.2459
10/9/2019,0.060395888,8505848.987,1070650.888
10/10/2019,0.05902524,8312813.895,1272144.354
10/11/2019,0.054504552,7676143.21,1022060.251
10/12/2019,0.053459003,7529273.135,343679.3401
10/13/2019,0.054974466,7742323.487,251188.306
10/14/2019,0.052929955,7454385.022,302335.719
10/15/2019,0.056403123,7861551.332,542180.9904
10/16/2019,0.051784464,7296795.623,360827.8619
10/17/2019,0.048411172,6817982.667,431007.8607
10/18/2019,0.048829244,6874523.882,292289.9678
10/19/2019,0.047187697,6666104.004,207539.312
10/20/2019,0.048022622,6761921.086,197059.0219
10/21/2019,0.049369042,6924730.026,200122.3014
10/22/2019,0.04979891,7013424.635,224141.5286
10/23/2019,0.048310483,6803029.745,244530.0293
10/24/2019,0.042120303,5917285.02,434000.6825
10/25/2019,0.042687318,6011864.309,472200.306
10/26/2019,0.044227952,6229791.597,746517.6325
10/27/2019,0.043268708,6094053.497,686559.9031
10/28/2019,0.044517464,6271371.174,602743.1487
10/29/2019,0.0449072,6324501.109,727273.541
10/30/2019,0.045792998,6449040.659,936979.6591
10/31/2019,0.043745706,6160922.264,459696.2365
11/1/2019,0.044899121,6323363.231,243114.7343
11/2/2019,0.045435361,6396826.586,398263.4368
11/3/2019,0.045693861,6435290.478,243800.7824
11/4/2019,0.046025065,6480928.604,349101.819
11/5/2019,0.044590671,6272495.469,329467.0307
11/6/2019,0.044016663,6219293.965,316233.8021
11/7/2019,0.04315251,6077379.561,481141.7544
11/8/2019,0.044301934,6239258.505,1641727.964
11/9/2019,0.040206363,5663985.045,2384629.317
11/10/2019,0.04107307,5783245.453,991529.0187
11/11/2019,0.041352774,5823993.846,522030.7967
11/12/2019,0.041103509,5804713.342,812255.1189
11/13/2019,0.03949365,5566149.942,671876.935
11/14/2019,0.040330598,5693167.683,1219770.923
11/15/2019,0.039426284,5552540.655,2921110.096
11/16/2019,0.038659741,5444749.677,753013.1374
11/17/2019,0.038811783,5469667.23,332011.0775
11/18/2019,0.040069611,5648928.044,1150111.142
11/19/2019,0.03756134,5289762.455,489566.6562
11/20/2019,0.035342136,4976899.968,710691.4764
11/21/2019,0.034036761,4796328.577,608246.3118
11/22/2019,0.029929991,4213866.219,725422.5902
11/23/2019,0.02758386,3899461.118,873235.7454
11/24/2019,0.028053411,3949571.302,321015.6458
11/25/2019,0.025097787,3606719.145,248962.713
11/26/2019,0.028189953,3967422.507,873851.642
11/27/2019,0.029737461,4205918.207,617976.8531
11/28/2019,0.029105565,4091430.943,645521.8188
11/29/2019,0.028314513,3988646.375,416613.9425
11/30/2019,0.028601245,4018303.871,245318.936
12/1/2019,0.027967192,3928792.549,171565.7046
12/2/2019,0.027006774,3801466.467,395478.1394
12/3/2019,0.026592748,3756066.411,400800.5604
12/4/2019,0.027070354,3830147.077,247849.6131
12/5/2019,0.025974401,3664569.192,981182.825
12/6/2019,0.025132567,3535059.788,1093358.871
12/7/2019,0.026151971,3688335.995,480406.0048
12/8/2019,0.026591956,3745818.825,1172454.415
12/9/2019,0.027314582,3846965.428,492636.1754
12/10/2019,0.026298627,3705726.082,333733.3762
12/11/2019,0.023367814,3298791.982,818569.1885
12/12/2019,0.024060975,3384934.701,317576.1678
12/13/2019,0.022751405,3208228.249,268554.0624
12/14/2019,0.023322018,3287920.266,369102.3207
12/15/2019,0.022483604,3155597.508,355195.092
12/16/2019,0.02319322,3266398.974,366184.4634
12/17/2019,0.021317896,3000257.522,317281.6346
12/18/2019,0.019079817,2681836.259,392170.4237
12/19/2019,0.020284534,2843843.567,284444.1452
12/20/2019,0.01971625,2771905.217,200316.0411
12/21/2019,0.020335971,2863185.657,150536.7255
12/22/2019,0.019669833,2769943.601,103729.4664
12/23/2019,0.01892382,2681854.301,200161.747
12/24/2019,0.01781253,2510919.104,230944.5396
12/25/2019,0.017755707,2498772.635,105536.9176
12/26/2019,0.017572473,2474817.489,87766.77441
12/27/2019,0.017256486,2437308.105,125124.9797
12/28/2019,0.017695114,2498589.003,131439.0099
12/29/2019,0.017936466,2526969.29,98764.52275
12/30/2019,0.019034581,2680875.201,222680.6905
12/31/2019,0.018011681,2550768.182,136901.1791
1/1/2020,0.017713751,2488955.362,99073.71785
1/2/2020,0.017920634,2522294.967,156409.5296
1/3/2020,0.026395496,3735875.676,7564346.812
1/4/2020,0.027801077,3900469.648,10418112.25
1/5/2020,0.025215529,3530220.854,4966101.75
1/6/2020,0.027694787,3872649.107,2667677.752
1/7/2020,0.024961441,3478013.474,1976398.054
1/8/2020,0.027016472,3816569.729,2963136.784
1/9/2020,0.025592498,3606503.305,1709585.843
1/10/2020,0.023996795,3363355.382,1153789.296
1/11/2020,0.027426245,3891902.977,2977890.119
1/12/2020,0.02892423,4122798.32,2263925.919
1/13/2020,0.031520363,4419821.305,3966290.776
1/14/2020,0.029331454,4126574.009,2533847.803
1/15/2020,0.028860108,4012981.945,2172722.287
1/16/2020,0.027532871,3894186.318,1789315.539
1/17/2020,0.027631382,3900594.114,864753.7969
1/18/2020,0.027739772,3904078.817,914434.0007
1/19/2020,0.027630739,3918405.807,807105.5404
1/20/2020,0.028323827,3977458.243,1313266.42
1/21/2020,0.027366387,3854142.456,637207.5282
1/22/2020,0.026755098,3822176.67,361560.6747
1/23/2020,0.027187297,3828644.39,252673.6092
1/24/2020,0.026975595,3772438.4,741011.243
1/25/2020,0.026658096,3740805.771,464472.8259
1/26/2020,0.026361721,3707321.593,138730.6013
1/27/2020,0.026809266,3769390.962,158255.0883
1/28/2020,0.025773856,3617634.566,516469.1391
1/29/2020,0.025791434,3615678.598,424648.2369
1/30/2020,0.025055585,3528851.093,312313.3472
1/31/2020,0.02576907,3622111.17,480202.4188
2/1/2020,0.025822112,3649217.481,303195.3668
2/2/2020,0.025733339,3633657.345,325170.1847
2/3/2020,0.026403829,3732166.42,388376.978
2/4/2020,0.027742431,3905519.895,686289.1306
2/5/2020,0.028693215,4057342.061,845811.6433
2/6/2020,0.027627167,3920565.9,725144.8631
2/7/2020,0.029953824,4194397.249,757844.0742
2/8/2020,0.032380421,4583272.716,1723549.25
2/9/2020,0.030446832,4287348.515,1545356.185
2/10/2020,0.032297999,4546913.872,638549.8913
2/11/2020,0.032412932,4546862.231,668720.3401
2/12/2020,0.037522832,5273118.394,2687290.734
2/13/2020,0.067068013,9407206.433,28792731.07
2/14/2020,0.054051779,7591977.13,16963581.65
2/15/2020,0.05378622,7496372.453,3617497.49
2/16/2020,0.045688823,6499675.305,2697784.403
2/17/2020,0.054086284,7618225.617,3325780.923
2/18/2020,0.048303289,6864580.34,4481071.094
2/19/2020,0.049557663,7013464.006,1569530.491
2/20/2020,0.047287684,6772638.612,4303769.599
2/21/2020,0.0440756,6178026.903,2037266.948
2/22/2020,0.042394372,5982781.064,1259571.063
2/23/2020,0.047885646,6712803.607,3047845.381
2/24/2020,0.048955822,6881521.877,1460927.541
2/25/2020,0.044500962,6231964.79,992933.2442
2/26/2020,0.048965624,6882334.365,1976148.108
2/27/2020,0.044434582,6257095.134,3387475.487
2/28/2020,0.04599293,6485093.735,2050146.523
2/29/2020,0.051339844,7269594.814,3905777.526
3/1/2020,0.048339776,6813718.819,3253303.429
3/2/2020,0.050530812,7159658.069,2688613.732
3/3/2020,0.056318949,7941096.356,3224691.73
3/4/2020,0.053171621,7515043.669,2197288.669
3/5/2020,0.050265418,7075686.446,1829144.142
3/6/2020,0.050634866,7129069.319,1682532.139
3/7/2020,0.057334197,8000516.441,3166604.734
3/8/2020,0.053124012,7516266.278,2188851.207
3/9/2020,0.043769812,6187413.683,1490660.375
3/10/2020,0.047339358,6778282.447,1177265.945
3/11/2020,0.04913591,6965826.986,2349228.943
3/12/2020,0.049900154,7036432.436,3892396.328
3/13/2020,0.023083081,3226964.032,1563952.08
3/14/2020,0.029405778,4042137.563,1227100.866
3/15/2020,0.027454912,3870673.099,542085.15
3/16/2020,0.027390899,3896849.335,499955.4659
3/17/2020,0.021389634,3043936.518,681601.7816
3/18/2020,0.023448964,3320065.911,433189.188
3/19/2020,0.021476278,3018144.448,536590.5101
3/20/2020,0.026267538,3702679.728,1017354.476
3/21/2020,0.024054864,3361990.98,517115.5876
3/22/2020,0.024214544,3409571.572,391277.6053
3/23/2020,0.021944084,3074276.289,116364.1223
3/24/2020,0.025775535,3630139.561,369298.6098
3/25/2020,0.025722458,3623126.823,262508.292
3/26/2020,0.02640724,3726234.628,343667.6248
3/27/2020,0.02584318,3612586.123,245935.4934
3/28/2020,0.024039183,3416173.513,205517.3982
3/29/2020,0.024209831,3400584.799,107048.4718
3/30/2020,0.023393575,3301916.404,313180.0783
3/31/2020,0.026764597,3773494.72,687814.1203
4/1/2020,0.026602236,3755606.068,281056.9866
4/2/2020,0.028814484,4060603.526,653379.2798
4/3/2020,0.028493852,3997689.6,323510.0617
4/4/2020,0.02864842,4034551.663,279600.5903
4/5/2020,0.028225913,3957119.94,261189.2387
4/6/2020,0.027490899,3870973.408,206992.1805
4/7/2020,0.029128795,4097272.414,356537.8737
4/8/2020,0.028636881,4014315.383,274658.6909
4/9/2020,0.02918325,4110735.757,121505.2236
4/10/2020,0.029583863,4173863.695,261121.0946
4/11/2020,0.026848338,3772353.5,395020.7317
4/12/2020,0.026727881,3763575.802,125348.973
4/13/2020,0.026792229,3796117.341,207378.1013
4/14/2020,0.026161195,3680668.699,203739.3307
4/15/2020,0.026332416,3716315.501,282070.8642
4/16/2020,0.025696754,3620757.413,212054.1592
4/17/2020,0.027775588,3916222.419,160927.7653
4/18/2020,0.027249114,3837626.242,97720.88441
4/19/2020,0.028455601,4004894.08,116238.1284
4/20/2020,0.029138575,4103892.675,483502.3014
4/21/2020,0.027340065,3857674.526,278380.7367
4/22/2020,0.027000071,3806749.103,125817.0269
4/23/2020,0.028408862,4000959.26,265340.3243
4/24/2020,0.028441832,4026323.889,352519.0401
4/25/2020,0.028768226,4052864.172,274159.7739
4/26/2020,0.029034038,4098126.485,478424.2812
4/27/2020,0.030057153,4226944.165,460281.405
4/28/2020,0.029742958,4186438.052,231892.1917
4/29/2020,0.029715679,4183784.755,126706.9331
4/30/2020,0.031795008,4477846.824,443237.7939
5/1/2020,0.029456663,4162080.814,552898.7671
5/2/2020,0.033420893,4626737.706,936800.0254
5/3/2020,0.037483871,5189360.67,3720269.57
5/4/2020,0.033384414,4692047.764,1330712.686
5/5/2020,0.032257684,4541569.037,491244.1223
5/6/2020,0.032055874,4508195.643,344378.4212
5/7/2020,0.030675535,4355320.238,405091.1577
5/8/2020,0.028850454,4040524.791,743928.6944
5/9/2020,0.030403027,4238061.72,583543.8417
5/10/2020,0.03000691,4230427.702,221033.8602
5/11/2020,0.027584459,3863173.05,521506.6992
5/12/2020,0.02702093,3832824.776,268048.2083
5/13/2020,0.028177846,3973298.242,197266.2772
5/14/2020,0.02826806,3994078.755,267008.0556
5/15/2020,0.02834534,3998660.543,194212.7635
5/16/2020,0.028335828,3991745.223,111131.4711
5/17/2020,0.029755802,4156076.115,296466.3745
5/18/2020,0.028665647,4047762.192,301973.9993
5/19/2020,0.030153763,4247546.233,255642.0973
5/20/2020,0.030194353,4241787.222,252547.9534
5/21/2020,0.030206926,4254189.507,436430.9852
5/22/2020,0.028311106,3998099.191,336048.9657
5/23/2020,0.030507094,4296463.581,833352.1517
5/24/2020,0.030990315,4362113.701,416044.33
5/25/2020,0.030116494,4229477.648,329943.2722
5/26/2020,0.038238051,5439866.256,2681204.633
5/27/2020,0.037994551,5329222.644,1611189.082
5/28/2020,0.03955169,5515253.943,1255251.782
5/29/2020,0.040735938,5736656.451,2369986.066
5/30/2020,0.040182577,5662975.267,786913.0087
5/31/2020,0.042568955,5999924.146,850238.123
6/1/2020,0.044735363,6300300.443,2853585.528
6/2/2020,0.045869298,6459998.033,2631501.664
6/3/2020,0.046478981,6545862.791,1656778.776
6/4/2020,0.044302538,6236589.278,967956.9442
6/5/2020,0.048385576,6814377.835,947028.2073
6/6/2020,0.044455419,9882226.626,686418.912
6/7/2020,0.045933473,10203607.07,323452.0414
6/8/2020,0.052694426,11734525.15,2209681.605
6/9/2020,0.053337977,11943963.31,1572680.077
6/10/2020,0.051981548,11529334.47,798612.4883
6/11/2020,0.054125209,12048771.15,1495652.769
6/12/2020,0.049416706,10978836.24,959606.1069
6/13/2020,0.056806434,12567267.86,890820.3854
6/14/2020,0.064363431,14400305.14,3336316.962
6/15/2020,0.060191279,13404853.01,2597485.598
6/16/2020,0.062840789,13895432.2,3366702.69
6/17/2020,0.064992861,14462593.49,2209321.092
6/18/2020,0.062068843,13833513.12,1354543.529
6/19/2020,0.059878858,13318656.92,827090.3856
6/20/2020,0.056751519,12590523.83,623318.3319
6/21/2020,0.056707451,12627874.83,578338.7114
6/22/2020,0.055345494,12384403.09,607930.7981
6/23/2020,0.054366227,12007391.58,1005726.849
6/24/2020,0.054720505,12192057.8,785370.2161
6/25/2020,0.05308599,11833437.63,472785.3313
6/26/2020,0.049805437,11074420.79,588532.7889
6/27/2020,0.049129574,10930300.59,249060.703
6/28/2020,0.04702913,10463516.56,930698.8711
6/29/2020,0.047912573,10642804.03,334867.4729
6/30/2020,0.04869419,10838066.45,404693.9385
7/1/2020,0.048795268,10846954.33,509469.7129
7/2/2020,0.050894439,11345291.82,626438.242
7/3/2020,0.048555132,10816191.93,511823.5075
7/4/2020,0.049391006,10993114.14,280661.283
7/5/2020,0.050792542,11290938.71,244461.7796
7/6/2020,0.054926822,12178238.62,1696505.226
7/7/2020,0.056086488,12467757.52,1180544.014
7/8/2020,0.05478784,12150082.91,585171.4051
7/9/2020,0.055188046,12301895.85,964598.7954
7/10/2020,0.053539195,11901506.43,708276.066
7/11/2020,0.059397487,13205466.76,2341376.098
7/12/2020,0.056902449,12689487.8,576548.4329
7/13/2020,0.056279873,12507538.34,403441.755
7/14/2020,0.056817517,12640603.92,931832.1603
7/15/2020,0.064140733,14258177.57,2086932.876
7/16/2020,0.067953662,15041269.85,6778607.487
7/17/2020,0.064827474,14395767.52,2756000.374
7/18/2020,0.070065732,15580028.72,2402453.251
7/19/2020,0.072937374,16213628.77,1605060.784
7/20/2020,0.07075041,15727477.12,1187192.856
7/21/2020,0.08181776,18187695.87,5165371.13
7/22/2020,0.091922835,20456836.36,6675036.089
7/23/2020,0.112157811,25084984.4,3880407.329
7/24/2020,0.098630098,21924998.27,2197276.357
7/25/2020,0.13772561,30405097.32,6847474.149
7/26/2020,0.150912725,33617489.5,6489321.747
7/27/2020,0.146745731,32763221.53,6554727.816
7/28/2020,0.183323829,41128500.66,11355908.73
7/29/2020,0.19367541,43162027.83,7741091.107
7/30/2020,0.167928205,37615297.92,3718461.511
7/31/2020,0.178898781,39896706.63,3960841.156
8/1/2020,0.166711841,37076695.96,1895165.948
8/2/2020,0.150091454,33294566.91,2108786.399
8/3/2020,0.169327204,38317133.84,4598633.868
8/4/2020,0.166315507,37461140.56,2772079.103
8/5/2020,0.197124787,44410527.49,3775996.628
8/6/2020,0.194264718,43184115.9,3452490.711
8/7/2020,0.20671279,46052337.94,2517419.068
8/8/2020,0.232629501,52068622.44,3983442.325
8/9/2020,0.237954889,52625828.34,3178400.474
8/10/2020,0.219802036,48860939.42,2015732.562
8/11/2020,0.206429156,45877522.54,2816195.268
8/12/2020,0.193292754,42958617.1,2406433.633
8/13/2020,0.222480399,48153593.75,2821829.771
8/14/2020,0.204472664,45605938.94,2373652.827
8/15/2020,0.197155452,43826712.31,2740302.87
8/16/2020,0.188858816,41967337.41,2550952.405
8/17/2020,0.178706148,39725520.4,1902996.208
8/18/2020,0.184344761,41216043.56,2706180.995
8/19/2020,0.164966951,37172843.35,1922389.139
8/20/2020,0.167165383,36990826.94,1303431.75
8/21/2020,0.178645962,39692933.1,1389835.335
8/22/2020,0.151035155,33161004.35,1981317.582
8/23/2020,0.165338813,36865953.7,1062206.553
8/24/2020,0.16402198,36475332.96,887107.0321
8/25/2020,0.170971759,38017382.19,754330.5592
8/26/2020,0.156520562,34769196.11,753935.9509
8/27/2020,0.175928864,39098881.52,1430996.159
8/28/2020,0.165515073,36793207.72,1711712.598
8/29/2020,0.163106786,36325041.37,774549.9428
8/30/2020,0.163862425,36425831.81,585926.3919
8/31/2020,0.157975746,35077187.46,859581.1626
9/1/2020,0.16128714,35901420.86,619481.1393
9/2/2020,0.154533148,34542412.92,1596835.653
9/3/2020,0.148031599,32916228.58,592410.691
9/4/2020,0.111401446,24807232.15,896363.118
9/5/2020,0.120896616,26874738.34,723892.7869
9/6/2020,0.102588134,22706746.2,989741.5724
9/7/2020,0.115015103,25674514.89,481802.789
9/8/2020,0.108119933,24044804.61,421507.7931
9/9/2020,0.102430498,22679770.75,346021.6687
9/10/2020,0.110599882,24532020.51,621954.3529
9/11/2020,0.138484286,30999146.48,3627300.48
9/12/2020,0.137288631,30481932.76,3874683.562
9/13/2020,0.138765243,30907046.32,627332.3739
9/14/2020,0.131044172,29051652,1057529.094
9/15/2020,0.125822303,27947861.07,675419.0018
9/16/2020,0.129110326,28940879.44,752681.536
9/17/2020,0.127652504,28210998.16,346833.2208
9/18/2020,0.121755039,27168353.69,490758.0473
9/19/2020,0.11649215,25815529.32,210552.5125
9/20/2020,0.125748268,27950466.78,425703.5489
9/21/2020,0.121890998,27233691.33,525278.3622
9/22/2020,0.114353636,25491887.08,464466.7729
9/23/2020,0.115656657,25762268.39,149225.3746
9/24/2020,0.101598074,22594702.36,326883.1026
9/25/2020,0.11457784,25476718.58,189902.8134
9/26/2020,0.121103064,26426791.77,175501.8984
9/27/2020,0.121824451,26978869.38,175658.3636
9/28/2020,0.117703586,26075300.4,137725.3356
9/29/2020,0.110232968,24385558.17,348615.4849
9/30/2020,0.11160369,24786089.12,257547.3535
10/1/2020,0.111164112,24732369.86,145699.1665
10/2/2020,0.105247361,23393634.25,225001.0583
10/3/2020,0.104528909,23267212.65,374409.2783
10/4/2020,0.102282646,22606896.84,129356.5923
10/5/2020,0.105425876,23340662.4,91513.24158
10/6/2020,0.117269954,25955263,620260.4462
10/7/2020,0.107239428,23864407.65,336755.4746
10/8/2020,0.103572616,22981557.39,258080.5631
10/9/2020,0.104227368,23056981.77,286401.8701
10/10/2020,0.111021022,24654333.22,168218.9741
10/11/2020,0.109710823,24409434.39,189777.0712
10/12/2020,0.109419271,24322805.3,86165.94341
10/13/2020,0.112869933,25089654.08,87831.21634
10/14/2020,0.109359966,24313692.2,174114.1409
10/15/2020,0.114062197,25415654.6,227968.9219
10/16/2020,0.11809969,26260480.14,564172.1343
10/17/2020,0.117068045,26134468.16,378452.8481
10/18/2020,0.118109493,26313699.98,334247.9569
10/19/2020,0.114679895,25480010.09,157328.2966
10/20/2020,0.125176657,27849980.92,346848.886
10/21/2020,0.127038347,28296977.76,1352201.377
10/22/2020,0.152569266,33641115.33,1753644.748
10/23/2020,0.160579733,35696105.14,1487229.471
10/24/2020,0.160326154,35623573.52,891959.7351
10/25/2020,0.162125481,36079358.46,603981.9132
10/26/2020,0.171657095,38166576.73,621983.7597
10/27/2020,0.15995326,35424450.75,1036255.068
10/28/2020,0.15571047,34529256.63,528041.7393
10/29/2020,0.146064879,32464826.34,741015.6091
10/30/2020,0.159705323,35477766.83,949683.7665
10/31/2020,0.15404771,34045899.36,607526.8616
11/1/2020,0.155133416,34581774.94,213574.863
11/2/2020,0.150160207,33210934.45,288077.8797
11/3/2020,0.151264635,33659386.97,246884.9747
11/4/2020,0.146646913,32490838.85,361179.9193
11/5/2020,0.137867352,30372959.13,535340.6358
11/6/2020,0.139623086,30917776.05,498937.9514
11/7/2020,0.153463873,34243559.79,626598.1712
11/8/2020,0.148989853,33119730.46,829675.4143
11/9/2020,0.151279675,33626765.45,216852.2809
11/10/2020,0.147176086,32315457.55,291484.4356
11/11/2020,0.151914431,33643476.1,776502.0785
11/12/2020,0.148343767,32826591.37,316425.4927
11/13/2020,0.14374059,32111894.49,299400.5537
11/14/2020,0.145853678,32272941.62,167081.0024
11/15/2020,0.142409585,32608585.29,212983.4476
11/16/2020,0.143380208,31872733.27,349140.8496
11/17/2020,0.141488126,31490151.73,339868.5924
11/18/2020,0.139774084,31071109.14,686527.8527
11/19/2020,0.137943791,30695216.86,352633.4176
11/20/2020,0.132916289,29802028.8,484678.7963
11/21/2020,0.131948939,29358557.32,372156.9074
11/22/2020,0.143164969,31921504.21,831070.8592
11/23/2020,0.150804605,33779101.76,754982.9653
11/24/2020,0.15054038,33690440.74,644814.0978
11/25/2020,0.151719339,33580241.8,819625.7642
11/26/2020,0.171022096,37465092.05,1130311.494
11/27/2020,0.149482678,33326313.19,929517.7128
11/28/2020,0.156537868,34709219.45,277121.1432
11/29/2020,0.161277974,35447707.63,261436.4941
11/30/2020,0.152585644,34017209.43,211465.5986
12/1/2020,0.158649297,35623075.14,433542.9743
12/2/2020,0.157780662,35215342.8,259800.9379
12/3/2020,0.16766093,36908017.02,280552.0983
12/4/2020,0.163750004,36330827.42,375624.5486
12/5/2020,0.149885275,33423125.62,539774.7835
12/6/2020,0.154629627,34373425.12,149820.8589
12/7/2020,0.169698303,38584973.85,945731.8995
12/8/2020,0.175689457,39071186.04,795074.6219
12/9/2020,0.16043091,35586037.24,514488.7598
12/10/2020,0.16372323,36391074.49,258631.4322
12/11/2020,0.15615803,34767066.85,414641.6139
12/12/2020,0.155492982,34565344.86,289909.3248
12/13/2020,0.162719705,36163388.7,160285.2938
12/14/2020,0.157579352,35213781.34,346924.7549
12/15/2020,0.165919058,36946674.45,234994.4119
12/16/2020,0.175002987,38872573.75,744310.2473
12/17/2020,0.195522969,43337793.98,1531698.811
12/18/2020,0.183709273,38926250.01,1615439.856
12/19/2020,0.176080426,38935755.16,1262917.296
12/20/2020,0.156571359,34520520.84,1399121.249
12/21/2020,0.15076328,33602957.11,881749.6239
12/22/2020,0.152129398,33727858.56,430606.458
12/23/2020,0.139139507,30850417.82,810334.6888
12/24/2020,0.140894034,30742758.48,1248142.24
12/25/2020,0.147454942,32855463.53,1107587.601
12/26/2020,0.144487918,32135908.3,421864.7523
12/27/2020,0.146165956,33093875.59,568291.8273
12/28/2020,0.143773367,32398186.46,426988.3334
12/29/2020,0.154732292,34428585,613484.3005
12/30/2020,0.160540985,35523456.92,530597.0649
12/31/2020,0.152793758,33932710.83,563726.3238
1/1/2021,0.162442046,34591216.56,526575.1722
1/2/2021,0.162992164,35125423.49,535664.5036
1/3/2021,0.154593384,34025422.23,764770.368
1/4/2021,0.147166646,32901499.78,994990.6233
1/5/2021,0.153310451,34202072.35,940448.6737
1/6/2021,0.167343109,37148772.67,1077463.453
1/7/2021,0.205266416,45724374.66,2371092.295
1/8/2021,0.366784691,76653103.01,7068309.541
1/9/2021,0.566096036,124803854.4,26635984.21
1/10/2021,0.516500732,117118180.6,28208014.89
1/11/2021,0.531796744,118712737.3,11490582.96
1/12/2021,0.517859961,109436375.9,11952139.51
1/13/2021,0.700192662,154365254.5,11176912.51
1/14/2021,0.697173444,154145634.4,21728337.22
1/15/2021,1.012043002,229430950.3,35352565.92
1/16/2021,1.206547087,268550253.3,39072677.65
1/17/2021,1.1830004,263307633.4,17988426.88
1/18/2021,1.145561081,266254539.9,12532281.51
1/19/2021,1.18979205,266667514.8,10592965.85
1/20/2021,1.119756354,251038435.9,7402682.954
1/21/2021,1.141780092,249602760.3,8916136.729
1/22/2021,0.824871008,183364872.4,11531267.87
1/23/2021,1.072984791,235819774.7,15835114.05
1/24/2021,0.965452951,214394857.8,7563017.476
1/25/2021,0.941071179,209709320.2,5175023.087
1/26/2021,0.971686964,216297967.1,4732191.009
1/27/2021,0.926225362,205173982.8,5921920.415
1/28/2021,1.018211183,227235177.3,10321870.29
1/29/2021,1.046239264,237082196.8,10269412.02
1/30/2021,1.725613976,382300566.3,76807640.24
1/31/2021,2.85444217,640346553.7,105775654.1
2/1/2021,2.690342524,600714844.5,66435278.14
2/2/2021,2.735345302,609266182.9,22155417.69
2/3/2021,2.781796017,620130271.9,18918524.73
2/4/2021,2.424528855,539620744.6,17264632.55
2/5/2021,2.639747823,589184804.4,20644387.25
2/6/2021,2.539080473,567298689.7,11617833.03
2/7/2021,2.272333118,508845378.1,12336106.4
2/8/2021,2.375544071,523310139.5,12413403.85
2/9/2021,2.374794874,532678226.7,20257100.76
2/10/2021,2.366840285,528069356.7,12538155.09
2/11/2021,2.406650511,541681982.8,10043319.17
2/12/2021,2.396749748,531672636.9,8603964.379
2/13/2021,3.419864477,758335125.3,47168450.64
2/14/2021,3.957858199,884498934.7,31312656.64
2/15/2021,3.796119327,843859136.2,12866097.11
2/16/2021,3.521401546,787494820.8,11377766.23
2/17/2021,3.589374066,796984712,8081088.076
2/18/2021,3.904272675,860843230.1,11297587.26
2/19/2021,4.636203345,1031493342,20926565.42
2/20/2021,6.072422118,1346436804,46009734.2
2/21/2021,6.661195937,1480751938,58758802.49
2/22/2021,6.848208556,1497105843,36864631.38
2/23/2021,6.27337203,1375718560,44135191.58
2/24/2021,5.935835002,1317085292,47447969.07
2/25/2021,6.939564823,1534567268,31688745.4
2/26/2021,7.002168591,1556534773,28540046.09
2/27/2021,6.508756133,1447745976,21695804.15
2/28/2021,5.950878626,1302401664,26372341.12
3/1/2021,6.328409638,1439487927,21341305.71
3/2/2021,6.97123843,1544036926,19206731.46
3/3/2021,6.659885815,1480894638,9736708.027
3/4/2021,6.515676312,1442260035,13194600.55
3/5/2021,5.889924765,1311294267,15595840.43
3/6/2021,5.701563996,1274698799,32947436.85
3/7/2021,5.791922966,1270682588,9317277.628
3/8/2021,6.051978216,1362937970,10699991.04
3/9/2021,5.71929709,1269442823,10578672.05
3/10/2021,6.04687077,1352201680,22039429.34
3/11/2021,5.811005178,1300488336,10805855
3/12/2021,5.550898211,1236337488,9077685.267
3/13/2021,5.254576779,1172302025,15459337.85
3/14/2021,5.161232556,1148447899,16046788.35
3/15/2021,4.983632355,1113833260,15576098.66
3/16/2021,5.537475881,1246093766,17648984.82
3/17/2021,5.053344634,1113708356,19394886.47
3/18/2021,5.214863838,1156971822,13662424.38
3/19/2021,5.014670235,1098837968,11136205.85
3/20/2021,4.799075678,1066603510,10840554.28
3/21/2021,4.664827798,1037152652,16431115.16
3/22/2021,4.623348639,1027337439,14147327.2
3/23/2021,4.543370338,995451422.9,11126826.33
3/24/2021,3.99243866,885840908.6,19193973.02
3/25/2021,4.254401746,943072560.6,19490118.73
3/26/2021,4.253805234,947386093.3,11853059.89
3/27/2021,5.362420639,1187853183,14511703.21
3/28/2021,5.018537428,1118823697,10936632.14
3/29/2021,4.813391733,1067902922,7115937.965
3/30/2021,4.982625292,1106138068,7121391.077
3/31/2021,4.63352007,1029213609,8952943.922
4/1/2021,4.824848569,1075241904,9670186.562
4/2/2021,4.439162114,989406586.6,10231291.86
4/3/2021,4.119404264,915780003.8,15675862.57
4/4/2021,3.989102385,887086177.3,22469155.17
4/5/2021,3.995023877,887251110.3,8984008.546
4/6/2021,4.190972054,932183614.8,16359472.8
4/7/2021,3.976421879,884241902.7,10835902.86
4/8/2021,4.295944402,978863126.1,13816251.18
4/9/2021,4.246897352,942327532.3,9521217.903
4/10/2021,4.075719023,903738213.1,6803610.377
4/11/2021,4.091583943,910433193.4,7284432.389
4/12/2021,4.941762811,1092274829,16537378.7
4/13/2021,4.878083517,1084351598,38755607.77
4/14/2021,5.321290341,1184980001,16581831.64
4/15/2021,4.968402879,1105979131,11559039.01
4/16/2021,4.720497249,1047613370,10721106.15
4/17/2021,4.374789284,972215282.6,14583924.24
4/18/2021,4.698261481,1042704573,10164146.17
4/19/2021,4.107474658,913071934.3,10620971.38
4/20/2021,3.891645285,865281203.9,8557130.721
4/21/2021,3.563357753,792117353.8,11950131.68
4/22/2021,3.388847635,754023083.5,18355070.3
4/23/2021,3.202071693,710467906.5,19528091.42
4/24/2021,3.499109723,775469344.7,22560747.11
4/25/2021,3.018603761,671021151.7,10595607.62
4/26/2021,3.242585965,709729822.6,6324200.709
4/27/2021,3.909721481,874617759.7,7769023.272
4/28/2021,4.470802741,994157918.2,13573384.76
4/29/2021,4.30768318,964699514.5,11204137.31
4/30/2021,4.222035836,944549690.1,8690630.826
5/1/2021,4.202826479,932383034.4,6563075.842
5/2/2021,4.661431747,1029871914,6721023.979
5/3/2021,4.487518773,997283674.5,6704415.437
5/4/2021,4.305414991,963837998.6,8186250.284
5/5/2021,4.033527006,903469728.8,11040319.59
5/6/2021,4.078972241,905372289,7975468.383
5/7/2021,4.020200393,895398876.9,9100717.306
5/8/2021,3.959109332,879775531.1,8037945.321
5/9/2021,4.148157848,920935972.7,8017766.822
5/10/2021,4.102314886,911924941.8,6696644.396
5/11/2021,3.869362057,860140644.3,8682070.092
5/12/2021,4.029003455,895628162,8343646.335
5/13/2021,3.449518483,788613768.1,10563100.24
5/14/2021,3.589370521,797101595.5,12365727.78
5/15/2021,3.679548016,816895905.7,5160164.481
5/16/2021,3.489858973,776640741.6,5470527.206
5/17/2021,3.488385345,775451346.6,9468642.79
5/18/2021,3.220206018,715836367.3,7218403.816
5/19/2021,3.323470756,733847799.7,5191197.779
5/20/2021,2.729448552,606743334.2,23251990.26
5/21/2021,2.769188217,622413469.5,10033621.95
5/22/2021,2.383494764,527511214,10065144.76
5/23/2021,2.455835435,546690806.9,4745636.665
5/24/2021,2.104837705,467901229.5,11625296.68
5/25/2021,2.503385328,554517649.6,5595154.109
5/26/2021,2.551338713,566586845.2,12356503.06
5/27/2021,2.596280782,575531747.3,7234913.488
5/28/2021,2.545735268,565869154.1,3349113.651
5/29/2021,2.242077818,498480262.5,6177164.06
5/30/2021,2.219935164,492121661.4,3236227.339
5/31/2021,2.323081706,516409931.6,3057393.351
6/1/2021,2.566509917,570896290.5,3704001.557
6/2/2021,2.470099409,547216176.7,2449885.33
6/3/2021,3.012740045,669716566,8170366.266
6/4/2021,2.956981688,655492209.9,8963983.891
6/5/2021,2.677157566,595581683.7,4338441.647
6/6/2021,2.535189414,562778070.8,2556477.194
6/7/2021,2.75497429,612417583.5,3018692.602
6/8/2021,2.365128435,543209171.9,4977698.545
6/9/2021,2.446150536,543767542.8,7130855.118
6/10/2021,2.691712012,599582142.1,4444168.083
6/11/2021,2.395042137,537699325.8,4840011.546
6/12/2021,2.242184836,496346220,3520445.28
6/13/2021,2.221002183,496712805.9,3561163.122
6/14/2021,2.545014501,566461003.2,3203048.339
6/15/2021,2.48364032,546878052.7,2773029.455
6/16/2021,2.53499568,563517392.5,2158183.326
6/17/2021,2.461767061,547239021.4,2092387.279
6/18/2021,2.426460624,535442836.5,2133851.416
6/19/2021,2.264141455,507588034.4,4318146.85
6/20/2021,2.206154533,491537918.3,2183462.249
6/21/2021,2.253644919,500974466.5,3977353.239
6/22/2021,1.903198204,423071841.2,5700261.351
6/23/2021,1.926984909,427312577.4,7801869.856
6/24/2021,2.060429348,457759557.2,3567279.759
6/25/2021,2.35936237,517531674.9,3893041.785
6/26/2021,2.120869481,470749339.7,2574542.176
6/27/2021,2.136926492,473444914,2194615.6
6/28/2021,2.254226328,501556848.8,1245839.436
6/29/2021,2.343012592,518739921.9,2183271.096
6/30/2021,2.374758776,529056072.6,3964219.841
7/1/2021,2.516156921,559552285.4,2927054.147
7/2/2021,2.388334591,530342397.1,2976408.402
7/3/2021,2.3570459,525030823.9,1980564.044
7/4/2021,2.368573601,525589040.6,1350166.648
7/5/2021,2.308806147,513236543.1,1846258.386
7/6/2021,2.197335126,489587285.9,1935056.75
7/7/2021,2.219582633,495604136.3,1396249.537
7/8/2021,2.282915397,508812135.6,1436061.663
7/9/2021,2.125791026,471679130.4,2136530.84
7/10/2021,2.204619436,489406384.1,1982327.729
7/11/2021,2.152292309,478524390.3,764115.777
7/12/2021,2.185028243,488721949.2,770636.6239
7/13/2021,2.113221286,469758965.8,1326770.786
7/14/2021,2.043942569,455453137.5,1298602.462
7/15/2021,2.005399913,445790791.3,2330163.665
7/16/2021,1.962596634,442465605.5,2058623.879
7/17/2021,1.865247648,414111941.7,2477866.825
7/18/2021,1.921457102,427867470.8,1664608.755
7/19/2021,1.914139609,424961351.2,812502.0498
7/20/2021,1.74780777,388297191.6,2454040.394
7/21/2021,1.65486585,367868748.8,3504122.436
7/22/2021,1.834802011,406792957.5,2465297.471
7/23/2021,1.854055946,411746829.6,2147648.216
7/24/2021,1.900026087,422292098.7,1781970.063
7/25/2021,1.934182443,429340261.6,1840824.853
7/26/2021,1.932461306,429576888.5,1192018.428
7/27/2021,1.975139903,441562644.1,3200105.006
7/28/2021,1.999146285,446079699.4,1130120.134
7/29/2021,2.026289656,449978602.6,1767671.056
7/30/2021,2.030005585,451260514.2,1304896.995
7/31/2021,2.26802871,503214189.7,2445515.807
8/1/2021,2.307822602,515511838.9,3140885.086
8/2/2021,2.298401775,510569931.6,2304045.092
8/3/2021,2.860217864,635812725.7,5739410.389
8/4/2021,2.954776979,659159600.6,17229283.64
8/5/2021,3.421173095,752152447.5,9453909.972
8/6/2021,3.782714384,748438485.9,14865622.66
8/7/2021,3.618414265,805040262.7,13894612.52
8/8/2021,3.542383011,783793078.5,6274896.963
8/9/2021,3.527805714,784501248.8,4443441.928
8/10/2021,3.650893528,798264945.2,4719418.192
8/11/2021,4.136085977,910524521,15425947
8/12/2021,3.877808042,856222341,6124665.643
8/13/2021,3.877548003,855608163.1,5789849.396
8/14/2021,4.314479855,957508666.5,6794383.101
8/15/2021,4.127776411,920153591.5,4911096.285
8/16/2021,4.051672857,901097238.1,4937444.156
8/17/2021,3.575175548,795323845.5,44809.44007
8/18/2021,3.524384024,783453680.6,55667.23597
8/19/2021,4.165370276,952892219.3,143872.6269
8/20/2021,6.306369269,1405323238,849982.9339
8/21/2021,3.964951494,881910090.7,19131639
8/22/2021,4.032580042,904160810.9,4471121.095
8/23/2021,3.971793028,877469194.8,3590210.223
8/24/2021,3.872333024,1036852428,6672761.932
8/25/2021,3.562910811,976474598.9,5766584.098
8/26/2021,3.738537468,1017630721,2916482.531
8/27/2021,3.565371484,974986709.2,4565152.025
8/28/2021,0.168124163,41854366.91,189726.867
8/29/2021,0.223337268,56329949.47,245593.1265
8/30/2021,0.202567735,57422716.43,248019.6966
8/31/2021,3.26477991,55366667.36,2861242.223
9/1/2021,3.713968603,55366667.36,3791745.238
9/2/2021,3.939412133,55366667.36,6652960.441
9/3/2021,3.736524252,55366667.36,4361336.503
9/4/2021,3.667085725,55366667.36,4259756.652
9/5/2021,3.658005547,55366667.36,2880174.51
9/6/2021,3.631311096,55366667.36,3099447.368
9/7/2021,3.515557122,55366667.36,4659561.582
9/8/2021,3.074041214,55366667.36,7817809.912
9/9/2021,2.906323933,55366667.36,5785303.147
9/10/2021,2.779635125,55366667.36,5968380.359
9/11/2021,2.550869616,55366667.36,7216192.902
9/12/2021,2.528810073,55366667.36,3779575.083
9/13/2021,2.748806204,55366667.36,3390532.267
9/14/2021,2.549407838,55366667.36,3024001.915
9/15/2021,2.64395544,55366667.36,3044534.978
9/16/2021,2.609734989,55366667.36,5440612.054
9/17/2021,2.510645203,55366667.36,2933413.804
9/18/2021,2.491658726,55366667.36,2737518.228
9/19/2021,3.069898639,55366667.36,8644955.205
9/20/2021,2.881761636,55366667.36,6234979.767
9/21/2021,2.600960609,55366667.36,4705100.493
9/22/2021,2.373066086,55366667.36,5107456.595
9/23/2021,2.667602013,55366667.36,2813111.319
9/24/2021,2.568933767,55366667.36,4065843.771
9/25/2021,2.487991118,55366667.36,3768663.912
9/26/2021,2.344985285,55366667.36,5178292.42
9/27/2021,2.316300344,55366667.36,2239779.949
9/28/2021,2.199757557,55366667.36,1894170.108
9/29/2021,2.379141653,55366667.36,4643614.483
9/30/2021,2.240215746,55366667.36,2698318.066
10/1/2021,2.466471474,55366667.36,5652822.529
10/2/2021,2.554908094,55366667.36,4115159.16
10/3/2021,2.467108556,55366667.36,3325624.467
10/4/2021,2.434271171,55366667.36,4183207.361
10/5/2021,2.307571219,55366667.36,4184702.301
10/6/2021,2.374482486,55366667.36,6604974.825
10/7/2021,2.231864765,55366667.36,6343843.257
10/8/2021,2.259626773,55366667.36,5398164.398
10/9/2021,2.650103461,55366667.36,14450548.99
10/10/2021,2.401614975,55366667.36,4298012.975
10/11/2021,2.319290913,55366667.36,1660805.108
10/12/2021,2.305253694,55366667.36,2629152.953
10/13/2021,2.4304756,55366667.36,6098753.069
10/14/2021,2.566748693,55366667.36,4359092.272
10/15/2021,2.483131465,55366667.36,3302111.741
10/16/2021,2.421305549,55366667.36,4524847.576
10/17/2021,2.431357989,55366667.36,2713047.223
10/18/2021,2.40942406,55366667.36,2357501.932
10/19/2021,2.320237657,55366667.36,2268695.202
10/20/2021,2.313987881,55366667.36,2905836.798
10/21/2021,2.393441466,55366667.36,5152264.695
10/22/2021,2.297778474,55366667.36,4038732.349
10/23/2021,2.263890257,55366667.36,3598715.873
10/24/2021,2.339369788,55366667.36,1945301.745
10/25/2021,2.255281719,55366667.36,3600612.872
10/26/2021,2.235847036,55366667.36,3676917.993
10/27/2021,2.100477055,55366667.36,7233436.096
10/28/2021,2.197991421,55366667.36,19312299.18
10/29/2021,2.960623996,55366667.36,33357248.39
10/30/2021,3.051938333,55366667.36,23017510.87
10/31/2021,2.822277671,55366667.36,11486846.83
11/1/2021,2.954710043,55366667.36,7186876.91
11/2/2021,2.733736279,55366667.36,6312410.915
11/3/2021,2.690161927,55366667.36,5203702.613
,,,
,,,
,,,
,,,
,,,
,,,
,,,
,,,
,,,
,,,
,,,
,,,
,,,
,,,
,,,
,,,
,,,
,,,
,,,
,,,
,,,
,,,
,,,
